Day_ID,Date,obs_NO2,obs_CH4,sigma_N,sigma_C,true_NO2,true_CH4
1,10000000,127.57,2007.91,7.0,2.0,134.4,2009.7
1,10000000,83.3,1935.42,7.0,2.0,86.12,1934.34
1,10000000,130.12,1999.26,7.0,2.0,138.65,2000.33
1,10000000,73.47,1932.15,7.0,2.0,74.51,1931.32
1,10000000,44.01,1919.59,7.0,2.0,37.27,1921.6
1,10000000,161.42,2025.95,7.0,2.0,159.87,2024.09
1,10000000,53.63,1909.43,7.0,2.0,42.19,1912.42
1,10000000,108.92,1966.98,7.0,2.0,105.56,1965.93
1,10000000,142.11,2013.93,7.0,2.0,135.8,2015.66
1,10000000,142.06,2008.17,7.0,2.0,145.99,2007.39
1,10000000,135.56,2013.21,7.0,2.0,143.61,2013.49
1,10000000,157.18,2032.3,7.0,2.0,153.79,2032.89
1,10000000,44.06,1908.74,7.0,2.0,44.26,1910.85
1,10000000,156.17,2018.91,7.0,2.0,155.51,2017.19
1,10000000,153.14,2009.04,7.0,2.0,147.02,2009.48
1,10000000,49.83,1910.91,7.0,2.0,53.97,1909.36
1,10000000,130.31,2008.92,7.0,2.0,129.65,2005.1
1,10000000,55.82,1906.31,7.0,2.0,51.69,1908.17
1,10000000,66.17,1932.08,7.0,2.0,71.41,1932.88
1,10000000,5.51,1855.81,7.0,2.0,1.76,1855.87
1,10000000,54.46,1925.89,7.0,2.0,62.36,1927.94
1,10000000,62.88,1904.13,7.0,2.0,56.77,1907.44
1,10000000,65.15,1937.81,7.0,2.0,59.26,1936.5
1,10000000,168.69,2055.7,7.0,2.0,163.58,2057.39
1,10000000,129.18,1990.29,7.0,2.0,135.76,1990.1
1,10000000,132.47,2000.37,7.0,2.0,123.95,1998.96
1,10000000,40.82,1924.36,7.0,2.0,49.92,1922.56
1,10000000,43.9,1893.13,7.0,2.0,45.43,1892.38
1,10000000,144.09,2011.54,7.0,2.0,149.03,2010.45
1,10000000,126.27,1991.13,7.0,2.0,119.32,1993.87
1,10000000,111.41,1999.12,7.0,2.0,119.89,1996.76
1,10000000,80.43,1966.12,7.0,2.0,76.9,1964.27
1,10000000,112.97,1991.79,7.0,2.0,119.94,1991.51
1,10000000,131.17,2012.35,7.0,2.0,132.91,2011.21
1,10000000,89.18,1960.99,7.0,2.0,82.94,1962.27
1,10000000,158.77,2051.74,7.0,2.0,165.55,2048.72
1,10000000,-0.49,1876.93,7.0,2.0,8.39,1875.62
1,10000000,6.01,1851.12,7.0,2.0,2.49,1852.07
1,10000000,155.96,2036.08,7.0,2.0,152.67,2034.1
1,10000000,130.04,2003.05,7.0,2.0,132.02,2000.91
1,10000000,43.52,1909.97,7.0,2.0,43.02,1909.95
1,10000000,108.97,1960.0,7.0,2.0,101.97,1960.52
1,10000000,41.08,1904.78,7.0,2.0,45.1,1899.76
1,10000000,139.48,2020.63,7.0,2.0,138.43,2020.62
1,10000000,61.44,1932.01,7.0,2.0,62.79,1930.55
1,10000000,45.13,1908.42,7.0,2.0,52.56,1910.42
1,10000000,44.94,1910.53,7.0,2.0,46.74,1909.83
1,10000000,114.62,1994.29,7.0,2.0,117.08,1995.7
1,10000000,78.23,1973.67,7.0,2.0,91.85,1973.42
1,10000000,107.2,1963.4,7.0,2.0,111.62,1963.56
1,10000000,7.03,1873.12,7.0,2.0,12.0,1874.14
1,10000000,69.38,1947.72,7.0,2.0,76.52,1943.4
1,10000000,148.51,2042.74,7.0,2.0,160.97,2042.36
1,10000000,68.76,1934.16,7.0,2.0,67.09,1935.72
1,10000000,78.15,1944.05,7.0,2.0,67.67,1943.2
1,10000000,78.4,1958.38,7.0,2.0,90.87,1957.37
1,10000000,3.29,1876.38,7.0,2.0,9.77,1877.57
1,10000000,101.58,1988.88,7.0,2.0,99.69,1989.48
1,10000000,3.68,1893.17,7.0,2.0,1.51,1896.75
1,10000000,75.96,1944.31,7.0,2.0,83.95,1944.85
1,10000000,168.22,2061.26,7.0,2.0,174.88,2061.67
1,10000000,47.23,1958.73,7.0,2.0,67.22,1957.44
1,10000000,68.3,1923.21,7.0,2.0,70.8,1922.54
1,10000000,131.07,2017.31,7.0,2.0,137.2,2017.13
1,10000000,97.12,1957.7,7.0,2.0,92.56,1958.52
1,10000000,30.45,1888.61,7.0,2.0,37.7,1889.88
1,10000000,66.79,1928.03,7.0,2.0,59.49,1926.84
1,10000000,39.21,1887.74,7.0,2.0,40.96,1892.9
1,10000000,52.36,1921.53,7.0,2.0,59.94,1922.03
1,10000000,113.4,1995.45,7.0,2.0,109.85,1994.82
1,10000000,142.98,2027.19,7.0,2.0,150.04,2028.63
1,10000000,93.52,1972.2,7.0,2.0,95.23,1971.53
1,10000000,135.13,2032.76,7.0,2.0,134.45,2033.22
1,10000000,9.7,1867.23,7.0,2.0,11.88,1867.64
1,10000000,56.78,1900.5,7.0,2.0,55.79,1897.89
1,10000000,132.2,2004.13,7.0,2.0,129.2,2005.52
1,10000000,118.32,2007.54,7.0,2.0,124.95,2006.85
1,10000000,126.6,1992.14,7.0,2.0,123.62,1991.58
1,10000000,132.11,2004.54,7.0,2.0,131.5,2002.18
1,10000000,117.7,1997.17,7.0,2.0,114.58,1994.1
1,10000000,135.16,2011.58,7.0,2.0,128.89,2012.31
1,10000000,118.23,1993.75,7.0,2.0,122.65,1995.55
1,10000000,103.96,2000.46,7.0,2.0,116.65,2000.57
1,10000000,175.97,2044.25,7.0,2.0,168.16,2045.73
1,10000000,-5.67,1872.68,7.0,2.0,13.5,1871.65
1,10000000,17.6,1889.46,7.0,2.0,20.54,1890.27
1,10000000,31.91,1899.14,7.0,2.0,39.05,1900.46
1,10000000,95.43,1963.56,7.0,2.0,97.16,1965.55
1,10000000,120.04,2014.11,7.0,2.0,132.28,2013.49
1,10000000,53.36,1910.24,7.0,2.0,49.86,1910.05
1,10000000,33.12,1900.32,7.0,2.0,26.97,1901.93
1,10000000,19.0,1857.13,7.0,2.0,7.72,1858.59
1,10000000,149.35,2034.74,7.0,2.0,153.18,2036.89
1,10000000,128.99,2004.48,7.0,2.0,135.55,2004.16
1,10000000,135.94,2009.99,7.0,2.0,133.65,2014.63
1,10000000,140.68,2002.41,7.0,2.0,137.13,2004.24
1,10000000,47.85,1904.57,7.0,2.0,43.73,1904.57
1,10000000,173.39,2052.59,7.0,2.0,168.58,2052.22
1,10000000,45.42,1905.46,7.0,2.0,43.16,1900.14
1,10000000,26.28,1869.83,7.0,2.0,15.43,1868.26
2,10000001,17.3,1860.19,7.0,2.0,17.86,1864.76
2,10000001,100.09,1951.68,7.0,2.0,92.54,1951.61
2,10000001,89.18,1911.13,7.0,2.0,75.02,1912.14
2,10000001,96.68,1954.95,7.0,2.0,103.44,1954.86
2,10000001,118.95,1961.82,7.0,2.0,123.64,1960.87
2,10000001,102.17,1947.75,7.0,2.0,102.55,1950.84
2,10000001,53.67,1886.51,7.0,2.0,53.87,1889.47
2,10000001,137.47,1957.86,7.0,2.0,129.42,1958.43
2,10000001,144.01,1973.41,7.0,2.0,136.91,1971.65
2,10000001,80.43,1923.11,7.0,2.0,87.96,1925.66
2,10000001,28.52,1898.32,7.0,2.0,30.93,1897.99
2,10000001,47.06,1878.29,7.0,2.0,36.51,1876.1
2,10000001,19.94,1882.79,7.0,2.0,32.94,1884.41
2,10000001,116.97,1956.39,7.0,2.0,112.35,1958.28
2,10000001,162.2,1976.55,7.0,2.0,152.05,1975.81
2,10000001,46.39,1896.51,7.0,2.0,51.18,1896.25
2,10000001,15.01,1848.4,7.0,2.0,20.34,1846.98
2,10000001,4.24,1872.94,7.0,2.0,9.07,1871.23
2,10000001,179.96,2022.28,7.0,2.0,173.26,2019.86
2,10000001,119.63,1952.21,7.0,2.0,106.11,1955.91
2,10000001,158.03,1986.74,7.0,2.0,147.22,1988.09
2,10000001,11.44,1866.98,7.0,2.0,10.09,1864.86
2,10000001,54.59,1901.18,7.0,2.0,60.49,1901.96
2,10000001,41.71,1881.69,7.0,2.0,34.85,1884.01
2,10000001,57.55,1915.81,7.0,2.0,67.64,1915.12
2,10000001,162.32,2005.69,7.0,2.0,165.92,2004.75
2,10000001,16.38,1864.05,7.0,2.0,4.99,1862.69
2,10000001,153.9,1972.5,7.0,2.0,153.52,1972.75
2,10000001,99.6,1960.08,7.0,2.0,101.01,1958.82
2,10000001,15.45,1876.51,7.0,2.0,9.37,1874.71
2,10000001,23.37,1877.66,7.0,2.0,16.4,1873.38
2,10000001,108.67,1942.25,7.0,2.0,101.96,1944.03
2,10000001,79.43,1902.1,7.0,2.0,78.59,1903.5
2,10000001,102.99,1956.73,7.0,2.0,112.76,1954.9
2,10000001,113.38,1935.2,7.0,2.0,115.03,1934.61
2,10000001,14.64,1876.94,7.0,2.0,27.16,1877.35
2,10000001,173.91,1973.82,7.0,2.0,171.37,1976.19
2,10000001,52.57,1901.18,7.0,2.0,48.9,1898.46
2,10000001,172.01,1988.41,7.0,2.0,172.16,1988.57
2,10000001,124.83,1938.37,7.0,2.0,118.09,1939.79
2,10000001,60.6,1907.92,7.0,2.0,70.23,1904.4
2,10000001,64.32,1919.8,7.0,2.0,64.84,1917.23
2,10000001,20.04,1874.4,7.0,2.0,11.99,1876.36
2,10000001,57.73,1917.13,7.0,2.0,64.21,1919.89
2,10000001,22.77,1867.68,7.0,2.0,32.8,1867.64
2,10000001,152.08,1970.7,7.0,2.0,144.17,1969.29
2,10000001,109.73,1944.82,7.0,2.0,107.16,1943.23
2,10000001,157.02,1972.82,7.0,2.0,150.94,1972.75
2,10000001,113.08,1947.94,7.0,2.0,126.12,1946.21
2,10000001,129.34,1959.12,7.0,2.0,126.3,1958.59
2,10000001,160.62,1961.69,7.0,2.0,148.3,1966.3
2,10000001,108.91,1951.57,7.0,2.0,109.16,1948.99
2,10000001,120.13,1966.0,7.0,2.0,127.41,1966.14
2,10000001,89.28,1917.04,7.0,2.0,84.04,1916.11
2,10000001,31.0,1845.6,7.0,2.0,21.66,1845.26
2,10000001,166.78,2025.72,7.0,2.0,170.02,2025.58
2,10000001,155.25,1980.0,7.0,2.0,151.48,1978.73
2,10000001,168.16,2015.4,7.0,2.0,173.23,2016.0
2,10000001,97.76,1947.17,7.0,2.0,110.23,1947.98
2,10000001,118.23,1944.83,7.0,2.0,117.73,1946.92
2,10000001,105.78,1968.96,7.0,2.0,102.85,1968.43
2,10000001,137.82,1962.75,7.0,2.0,135.59,1965.29
2,10000001,33.14,1896.42,7.0,2.0,42.54,1896.5
2,10000001,13.47,1904.92,7.0,2.0,32.43,1906.94
2,10000001,89.82,1907.18,7.0,2.0,79.51,1909.18
2,10000001,64.34,1914.53,7.0,2.0,65.72,1915.27
2,10000001,93.61,1938.93,7.0,2.0,90.47,1939.78
2,10000001,12.02,1879.15,7.0,2.0,27.54,1878.8
2,10000001,144.75,1973.0,7.0,2.0,137.47,1974.19
2,10000001,81.32,1924.96,7.0,2.0,96.21,1919.89
2,10000001,130.75,1973.19,7.0,2.0,133.38,1969.87
2,10000001,147.38,1985.55,7.0,2.0,146.01,1986.42
2,10000001,17.33,1865.97,7.0,2.0,2.88,1861.8
2,10000001,34.12,1868.58,7.0,2.0,11.45,1871.87
2,10000001,156.4,1994.96,7.0,2.0,153.47,1992.92
2,10000001,65.1,1905.13,7.0,2.0,64.73,1904.64
2,10000001,73.24,1903.58,7.0,2.0,92.26,1904.97
2,10000001,13.11,1855.99,7.0,2.0,6.52,1855.25
2,10000001,11.56,1857.58,7.0,2.0,8.86,1860.54
2,10000001,102.48,1940.69,7.0,2.0,97.31,1940.46
2,10000001,125.36,1956.69,7.0,2.0,120.36,1959.02
2,10000001,106.36,1946.67,7.0,2.0,108.28,1943.54
2,10000001,96.35,1936.28,7.0,2.0,90.22,1939.43
2,10000001,114.98,1950.43,7.0,2.0,125.57,1950.15
2,10000001,130.5,1949.15,7.0,2.0,119.08,1947.92
2,10000001,58.29,1904.77,7.0,2.0,64.87,1903.86
2,10000001,46.24,1895.66,7.0,2.0,40.98,1894.18
2,10000001,25.0,1861.48,7.0,2.0,22.22,1863.1
2,10000001,132.04,1975.01,7.0,2.0,131.17,1973.98
2,10000001,37.07,1883.43,7.0,2.0,27.5,1880.13
2,10000001,81.25,1911.46,7.0,2.0,84.9,1911.54
2,10000001,42.6,1903.3,7.0,2.0,52.35,1906.48
2,10000001,82.42,1918.52,7.0,2.0,83.6,1914.34
2,10000001,167.01,1986.59,7.0,2.0,171.35,1989.12
2,10000001,65.08,1916.35,7.0,2.0,69.11,1916.78
2,10000001,181.12,1988.19,7.0,2.0,170.84,1988.16
2,10000001,42.2,1900.6,7.0,2.0,44.76,1899.75
2,10000001,128.16,1975.87,7.0,2.0,122.47,1973.19
2,10000001,28.9,1887.7,7.0,2.0,38.43,1890.05
2,10000001,-4.81,1858.26,7.0,2.0,1.43,1855.29
3,10000002,-2.26,1864.36,7.0,2.0,0.92,1865.5
3,10000002,65.91,1925.98,7.0,2.0,61.71,1927.21
3,10000002,36.19,1897.35,7.0,2.0,25.56,1894.24
3,10000002,50.02,1900.79,7.0,2.0,46.75,1899.39
3,10000002,98.89,1967.67,7.0,2.0,109.43,1968.95
3,10000002,47.4,1925.25,7.0,2.0,59.1,1925.5
3,10000002,92.01,1944.02,7.0,2.0,76.56,1949.09
3,10000002,38.7,1902.99,7.0,2.0,37.0,1903.43
3,10000002,146.68,2015.78,7.0,2.0,150.16,2014.64
3,10000002,72.14,1934.22,7.0,2.0,79.32,1933.66
3,10000002,122.46,1991.49,7.0,2.0,131.1,1995.56
3,10000002,115.18,1975.44,7.0,2.0,107.95,1977.33
3,10000002,77.62,1936.18,7.0,2.0,81.26,1933.61
3,10000002,84.12,1948.05,7.0,2.0,90.3,1948.84
3,10000002,91.47,1943.23,7.0,2.0,85.87,1942.63
3,10000002,76.29,1929.63,7.0,2.0,73.24,1928.55
3,10000002,21.03,1874.85,7.0,2.0,11.31,1876.11
3,10000002,130.87,1989.84,7.0,2.0,139.59,1991.58
3,10000002,49.69,1916.23,7.0,2.0,46.46,1917.88
3,10000002,14.29,1865.58,7.0,2.0,10.66,1865.26
3,10000002,108.93,1968.84,7.0,2.0,101.67,1969.54
3,10000002,164.78,2034.88,7.0,2.0,169.81,2036.19
3,10000002,173.25,2029.36,7.0,2.0,172.92,2028.4
3,10000002,7.73,1856.16,7.0,2.0,0.19,1853.34
3,10000002,157.71,2009.46,7.0,2.0,160.05,2010.6
3,10000002,8.64,1870.34,7.0,2.0,8.66,1873.36
3,10000002,38.89,1873.37,7.0,2.0,30.63,1869.05
3,10000002,23.87,1877.22,7.0,2.0,20.39,1876.9
3,10000002,94.96,1966.18,7.0,2.0,98.29,1967.14
3,10000002,64.69,1916.72,7.0,2.0,58.71,1916.12
3,10000002,86.83,1963.23,7.0,2.0,91.29,1959.22
3,10000002,138.72,2000.1,7.0,2.0,134.84,2000.3
3,10000002,29.92,1869.16,7.0,2.0,30.51,1872.1
3,10000002,3.87,1870.57,7.0,2.0,6.75,1870.13
3,10000002,133.68,1991.9,7.0,2.0,135.28,1993.7
3,10000002,148.06,2010.41,7.0,2.0,154.26,2011.38
3,10000002,49.99,1908.08,7.0,2.0,44.99,1906.91
3,10000002,78.57,1928.93,7.0,2.0,73.77,1926.8
3,10000002,31.91,1908.45,7.0,2.0,36.31,1907.77
3,10000002,11.36,1845.46,7.0,2.0,8.23,1848.93
3,10000002,102.07,1959.8,7.0,2.0,92.24,1958.49
3,10000002,140.05,2001.85,7.0,2.0,134.77,2000.35
3,10000002,143.91,1992.97,7.0,2.0,152.03,1992.66
3,10000002,177.57,2007.46,7.0,2.0,165.42,2007.75
3,10000002,162.35,2017.08,7.0,2.0,160.2,2017.05
3,10000002,63.66,1904.8,7.0,2.0,51.98,1906.92
3,10000002,85.92,1936.48,7.0,2.0,85.2,1937.85
3,10000002,123.42,1973.56,7.0,2.0,120.43,1973.97
3,10000002,174.47,2037.02,7.0,2.0,165.36,2039.54
3,10000002,8.9,1868.8,7.0,2.0,12.13,1866.83
3,10000002,176.06,2039.01,7.0,2.0,174.15,2043.29
3,10000002,100.55,1958.17,7.0,2.0,112.92,1956.26
3,10000002,116.74,1966.62,7.0,2.0,115.75,1968.87
3,10000002,6.6,1857.09,7.0,2.0,0.63,1860.15
3,10000002,84.05,1945.97,7.0,2.0,88.37,1947.82
3,10000002,50.46,1905.81,7.0,2.0,47.0,1906.17
3,10000002,119.71,1971.87,7.0,2.0,114.93,1975.25
3,10000002,8.62,1849.3,7.0,2.0,5.1,1848.05
3,10000002,127.88,1972.67,7.0,2.0,123.8,1970.31
3,10000002,168.96,2018.25,7.0,2.0,166.7,2021.66
3,10000002,162.95,2011.44,7.0,2.0,165.23,2010.34
3,10000002,113.76,1986.4,7.0,2.0,123.88,1986.11
3,10000002,47.6,1904.1,7.0,2.0,51.02,1904.8
3,10000002,4.97,1868.87,7.0,2.0,7.35,1872.5
3,10000002,47.98,1902.45,7.0,2.0,35.93,1901.05
3,10000002,102.43,1979.31,7.0,2.0,107.49,1981.15
3,10000002,142.84,1983.1,7.0,2.0,126.64,1981.62
3,10000002,167.3,2024.35,7.0,2.0,166.42,2025.84
3,10000002,30.46,1884.25,7.0,2.0,29.19,1884.4
3,10000002,84.49,1948.33,7.0,2.0,85.92,1947.93
3,10000002,120.14,1986.41,7.0,2.0,122.59,1987.27
3,10000002,15.36,1876.57,7.0,2.0,9.37,1873.7
3,10000002,113.46,1972.51,7.0,2.0,118.72,1974.68
3,10000002,102.14,1963.21,7.0,2.0,101.44,1962.77
3,10000002,45.78,1910.16,7.0,2.0,52.88,1909.61
3,10000002,82.86,1920.55,7.0,2.0,60.87,1919.83
3,10000002,104.12,1983.45,7.0,2.0,111.73,1983.13
3,10000002,103.23,1978.81,7.0,2.0,102.12,1978.64
3,10000002,97.99,1961.64,7.0,2.0,95.48,1959.96
3,10000002,168.0,2007.5,7.0,2.0,156.19,2006.55
3,10000002,65.23,1924.78,7.0,2.0,58.27,1924.64
3,10000002,114.47,1983.75,7.0,2.0,117.82,1985.07
3,10000002,121.09,1993.22,7.0,2.0,122.88,1992.99
3,10000002,67.4,1900.66,7.0,2.0,54.76,1902.07
3,10000002,118.75,1987.88,7.0,2.0,117.22,1988.0
3,10000002,99.49,1943.56,7.0,2.0,85.78,1942.68
3,10000002,42.76,1902.04,7.0,2.0,35.53,1905.11
3,10000002,49.2,1903.96,7.0,2.0,54.13,1905.72
3,10000002,68.23,1942.07,7.0,2.0,72.97,1941.38
3,10000002,122.82,2003.07,7.0,2.0,135.04,2003.62
3,10000002,24.57,1885.32,7.0,2.0,21.76,1886.44
3,10000002,37.5,1885.22,7.0,2.0,35.67,1884.93
3,10000002,84.47,1939.26,7.0,2.0,91.58,1937.18
3,10000002,56.31,1919.5,7.0,2.0,53.75,1919.72
3,10000002,62.5,1923.04,7.0,2.0,63.85,1926.01
3,10000002,92.03,1952.1,7.0,2.0,94.85,1953.28
3,10000002,152.96,2004.82,7.0,2.0,143.61,2001.77
3,10000002,87.53,1931.58,7.0,2.0,80.35,1933.85
3,10000002,2.83,1877.34,7.0,2.0,9.79,1876.39
3,10000002,144.62,2000.81,7.0,2.0,137.29,2003.5
4,10000003,28.77,1880.48,7.0,2.0,24.35,1877.43
4,10000003,46.4,1895.59,7.0,2.0,55.72,1897.53
4,10000003,43.57,1876.64,7.0,2.0,44.85,1876.88
4,10000003,70.28,1901.48,7.0,2.0,69.33,1899.09
4,10000003,42.46,1900.0,7.0,2.0,43.58,1904.42
4,10000003,111.71,1925.93,7.0,2.0,120.8,1925.02
4,10000003,159.89,1943.54,7.0,2.0,154.41,1943.55
4,10000003,138.25,1942.41,7.0,2.0,146.23,1944.81
4,10000003,19.4,1871.09,7.0,2.0,13.93,1869.71
4,10000003,23.37,1879.88,7.0,2.0,25.34,1883.31
4,10000003,89.71,1906.72,7.0,2.0,87.78,1907.42
4,10000003,127.46,1938.37,7.0,2.0,134.15,1937.13
4,10000003,30.61,1887.77,7.0,2.0,25.24,1888.11
4,10000003,51.82,1897.1,7.0,2.0,50.56,1897.77
4,10000003,97.38,1924.15,7.0,2.0,93.04,1924.0
4,10000003,109.13,1939.05,7.0,2.0,111.66,1938.51
4,10000003,15.79,1891.72,7.0,2.0,12.68,1896.14
4,10000003,130.85,1928.28,7.0,2.0,137.59,1928.01
4,10000003,46.5,1889.41,7.0,2.0,50.28,1890.19
4,10000003,112.6,1904.94,7.0,2.0,111.99,1905.32
4,10000003,101.68,1927.55,7.0,2.0,98.4,1930.35
4,10000003,49.39,1892.59,7.0,2.0,50.86,1893.54
4,10000003,62.63,1899.15,7.0,2.0,50.71,1899.74
4,10000003,41.82,1901.52,7.0,2.0,48.4,1903.92
4,10000003,58.87,1890.66,7.0,2.0,49.43,1889.65
4,10000003,160.18,1954.0,7.0,2.0,171.44,1952.59
4,10000003,136.9,1929.22,7.0,2.0,138.78,1930.1
4,10000003,150.41,1927.88,7.0,2.0,143.18,1927.36
4,10000003,-6.58,1880.43,7.0,2.0,0.71,1881.76
4,10000003,104.41,1932.79,7.0,2.0,117.87,1931.58
4,10000003,155.05,1952.72,7.0,2.0,155.35,1951.42
4,10000003,111.68,1919.37,7.0,2.0,103.99,1920.85
4,10000003,29.17,1890.71,7.0,2.0,34.52,1887.89
4,10000003,111.54,1917.26,7.0,2.0,109.84,1917.28
4,10000003,27.73,1889.38,7.0,2.0,31.31,1886.59
4,10000003,92.44,1917.62,7.0,2.0,86.84,1916.9
4,10000003,119.65,1921.67,7.0,2.0,116.6,1921.28
4,10000003,75.93,1900.54,7.0,2.0,75.13,1900.12
4,10000003,21.61,1896.29,7.0,2.0,22.69,1896.66
4,10000003,98.89,1921.7,7.0,2.0,82.33,1922.17
4,10000003,88.34,1913.1,7.0,2.0,90.82,1912.17
4,10000003,98.09,1914.07,7.0,2.0,104.66,1914.0
4,10000003,44.01,1903.39,7.0,2.0,39.81,1903.5
4,10000003,77.62,1902.81,7.0,2.0,66.63,1901.34
4,10000003,71.76,1911.97,7.0,2.0,90.79,1911.75
4,10000003,50.36,1891.48,7.0,2.0,53.54,1890.17
4,10000003,147.46,1940.93,7.0,2.0,153.12,1940.45
4,10000003,25.24,1855.35,7.0,2.0,13.47,1857.05
4,10000003,160.64,1963.09,7.0,2.0,174.36,1963.09
4,10000003,112.83,1941.91,7.0,2.0,123.58,1943.65
4,10000003,88.4,1910.87,7.0,2.0,93.53,1908.88
4,10000003,108.07,1930.48,7.0,2.0,103.17,1930.56
4,10000003,16.17,1876.44,7.0,2.0,17.44,1880.61
4,10000003,37.96,1890.19,7.0,2.0,38.49,1892.79
4,10000003,65.92,1907.48,7.0,2.0,51.78,1909.06
4,10000003,154.07,1921.15,7.0,2.0,159.23,1923.05
4,10000003,148.55,1937.05,7.0,2.0,149.7,1933.84
4,10000003,144.62,1941.62,7.0,2.0,157.0,1941.34
4,10000003,63.46,1888.71,7.0,2.0,77.4,1893.19
4,10000003,11.13,1884.22,7.0,2.0,15.99,1885.68
4,10000003,7.83,1888.68,7.0,2.0,1.6,1889.5
4,10000003,159.66,1943.71,7.0,2.0,162.56,1945.39
4,10000003,107.96,1917.31,7.0,2.0,104.48,1918.15
4,10000003,70.17,1910.82,7.0,2.0,70.36,1908.23
4,10000003,142.24,1939.72,7.0,2.0,134.67,1937.36
4,10000003,77.84,1897.56,7.0,2.0,66.93,1897.53
4,10000003,4.17,1881.03,7.0,2.0,3.44,1880.62
4,10000003,16.58,1871.97,7.0,2.0,22.49,1874.35
4,10000003,96.43,1929.39,7.0,2.0,92.08,1928.77
4,10000003,17.1,1873.88,7.0,2.0,18.58,1872.78
4,10000003,156.44,1965.67,7.0,2.0,170.44,1964.13
4,10000003,126.16,1923.79,7.0,2.0,119.33,1924.61
4,10000003,146.48,1936.43,7.0,2.0,148.67,1939.3
4,10000003,105.79,1920.26,7.0,2.0,105.7,1919.15
4,10000003,34.83,1889.04,7.0,2.0,51.97,1890.37
4,10000003,37.49,1880.65,7.0,2.0,31.95,1878.62
4,10000003,-1.14,1873.61,7.0,2.0,0.62,1872.42
4,10000003,80.98,1927.25,7.0,2.0,86.41,1924.51
4,10000003,68.44,1907.6,7.0,2.0,56.86,1907.32
4,10000003,115.99,1909.33,7.0,2.0,109.79,1908.91
4,10000003,15.02,1891.77,7.0,2.0,19.1,1894.69
4,10000003,79.84,1900.48,7.0,2.0,77.88,1899.56
4,10000003,144.91,1941.87,7.0,2.0,144.91,1942.09
4,10000003,74.54,1914.91,7.0,2.0,71.15,1912.89
4,10000003,168.21,1930.67,7.0,2.0,155.28,1930.95
4,10000003,126.14,1923.96,7.0,2.0,127.01,1922.66
4,10000003,53.6,1897.54,7.0,2.0,54.45,1897.05
4,10000003,22.36,1904.55,7.0,2.0,21.07,1903.9
4,10000003,153.29,1946.73,7.0,2.0,159.42,1946.41
4,10000003,61.24,1900.8,7.0,2.0,58.75,1899.1
4,10000003,118.82,1930.35,7.0,2.0,121.64,1930.54
4,10000003,83.57,1912.5,7.0,2.0,82.79,1916.3
4,10000003,110.38,1931.71,7.0,2.0,120.7,1932.25
4,10000003,160.96,1927.81,7.0,2.0,157.54,1927.6
4,10000003,101.41,1923.27,7.0,2.0,116.91,1921.88
4,10000003,156.81,1955.0,7.0,2.0,163.54,1960.9
4,10000003,24.03,1874.55,7.0,2.0,15.88,1871.32
4,10000003,26.36,1905.7,7.0,2.0,26.27,1903.99
4,10000003,27.77,1883.68,7.0,2.0,26.55,1883.48
4,10000003,57.87,1921.7,7.0,2.0,72.76,1918.99
5,10000004,46.77,1900.7,7.0,2.0,47.65,1900.24
5,10000004,75.83,1942.01,7.0,2.0,71.52,1938.91
5,10000004,76.67,1938.09,7.0,2.0,73.93,1937.65
5,10000004,147.35,1965.74,7.0,2.0,138.07,1962.91
5,10000004,38.9,1906.13,7.0,2.0,44.11,1911.43
5,10000004,67.7,1932.88,7.0,2.0,74.13,1932.24
5,10000004,82.94,1939.51,7.0,2.0,89.29,1938.35
5,10000004,106.87,1916.76,7.0,2.0,99.83,1917.68
5,10000004,91.96,1928.4,7.0,2.0,89.84,1931.3
5,10000004,148.74,1987.81,7.0,2.0,150.45,1988.79
5,10000004,119.89,1960.41,7.0,2.0,112.67,1957.73
5,10000004,118.24,1955.53,7.0,2.0,111.52,1955.84
5,10000004,136.86,1962.19,7.0,2.0,133.29,1961.82
5,10000004,154.21,1957.58,7.0,2.0,139.98,1960.2
5,10000004,143.36,1976.52,7.0,2.0,137.3,1975.23
5,10000004,152.62,2016.65,7.0,2.0,165.5,2016.06
5,10000004,52.42,1935.25,7.0,2.0,63.6,1934.64
5,10000004,168.92,1976.86,7.0,2.0,164.39,1979.96
5,10000004,94.31,1922.71,7.0,2.0,93.3,1923.95
5,10000004,136.91,1990.25,7.0,2.0,132.91,1990.82
5,10000004,160.56,1989.32,7.0,2.0,160.24,1987.4
5,10000004,139.13,1969.61,7.0,2.0,131.69,1969.19
5,10000004,162.63,1986.33,7.0,2.0,159.95,1986.57
5,10000004,164.05,1993.3,7.0,2.0,161.18,1993.22
5,10000004,30.74,1899.53,7.0,2.0,24.53,1900.1
5,10000004,76.39,1946.8,7.0,2.0,84.59,1946.9
5,10000004,171.92,1987.17,7.0,2.0,173.72,1989.66
5,10000004,134.23,1985.61,7.0,2.0,146.57,1987.54
5,10000004,70.87,1926.18,7.0,2.0,74.11,1929.72
5,10000004,96.32,1938.83,7.0,2.0,89.62,1937.84
5,10000004,24.87,1896.62,7.0,2.0,18.5,1899.05
5,10000004,121.24,1954.19,7.0,2.0,133.18,1954.94
5,10000004,180.29,1986.63,7.0,2.0,174.01,1988.96
5,10000004,41.9,1891.7,7.0,2.0,40.53,1891.86
5,10000004,104.46,1950.11,7.0,2.0,106.11,1950.71
5,10000004,122.5,1945.83,7.0,2.0,123.38,1947.84
5,10000004,166.97,1963.61,7.0,2.0,152.39,1965.65
5,10000004,95.51,1950.62,7.0,2.0,98.38,1948.2
5,10000004,53.72,1940.41,7.0,2.0,52.29,1937.45
5,10000004,5.16,1883.17,7.0,2.0,11.31,1884.16
5,10000004,13.17,1864.77,7.0,2.0,15.64,1863.16
5,10000004,131.78,1973.96,7.0,2.0,137.62,1973.91
5,10000004,150.4,1983.77,7.0,2.0,150.92,1982.91
5,10000004,75.43,1930.4,7.0,2.0,77.2,1932.56
5,10000004,79.04,1935.19,7.0,2.0,73.39,1934.43
5,10000004,135.78,1959.77,7.0,2.0,133.14,1959.32
5,10000004,66.46,1925.43,7.0,2.0,59.8,1928.7
5,10000004,53.4,1919.32,7.0,2.0,59.22,1917.04
5,10000004,96.97,1946.06,7.0,2.0,88.67,1946.87
5,10000004,93.14,1928.44,7.0,2.0,91.08,1932.26
5,10000004,36.44,1904.44,7.0,2.0,36.42,1905.66
5,10000004,14.73,1913.91,7.0,2.0,23.05,1910.72
5,10000004,170.43,1995.15,7.0,2.0,167.35,1996.19
5,10000004,129.75,1959.38,7.0,2.0,117.81,1958.56
5,10000004,119.62,1930.3,7.0,2.0,125.33,1931.32
5,10000004,15.23,1934.95,7.0,2.0,24.74,1935.67
5,10000004,148.95,1937.88,7.0,2.0,147.23,1938.36
5,10000004,163.09,1966.34,7.0,2.0,157.98,1967.69
5,10000004,31.89,1928.53,7.0,2.0,32.24,1927.07
5,10000004,71.53,1922.73,7.0,2.0,67.57,1922.54
5,10000004,129.21,1967.3,7.0,2.0,133.31,1967.52
5,10000004,107.92,1949.5,7.0,2.0,107.62,1952.38
5,10000004,95.99,1906.92,7.0,2.0,88.32,1907.37
5,10000004,78.15,1923.13,7.0,2.0,86.73,1922.66
5,10000004,135.03,1979.14,7.0,2.0,140.99,1973.43
5,10000004,163.71,1947.55,7.0,2.0,161.61,1947.88
5,10000004,144.62,1982.29,7.0,2.0,150.82,1982.33
5,10000004,-3.41,1872.95,7.0,2.0,2.97,1869.25
5,10000004,150.68,1966.44,7.0,2.0,149.6,1966.45
5,10000004,66.12,1911.59,7.0,2.0,77.95,1909.68
5,10000004,104.44,1947.18,7.0,2.0,93.4,1947.48
5,10000004,50.64,1913.14,7.0,2.0,45.21,1909.87
5,10000004,102.14,1944.17,7.0,2.0,106.12,1944.88
5,10000004,109.66,1932.26,7.0,2.0,110.3,1931.16
5,10000004,124.74,1968.16,7.0,2.0,112.6,1968.54
5,10000004,151.44,1981.46,7.0,2.0,149.32,1984.34
5,10000004,143.63,1984.55,7.0,2.0,151.51,1984.09
5,10000004,56.46,1903.82,7.0,2.0,63.16,1902.26
5,10000004,31.04,1915.42,7.0,2.0,20.35,1913.03
5,10000004,71.66,1944.16,7.0,2.0,74.49,1948.44
5,10000004,50.28,1898.72,7.0,2.0,48.78,1900.44
5,10000004,-0.61,1878.76,7.0,2.0,8.89,1881.68
5,10000004,21.68,1883.76,7.0,2.0,21.94,1884.16
5,10000004,121.57,1986.83,7.0,2.0,129.02,1987.32
5,10000004,99.11,1950.83,7.0,2.0,107.21,1945.69
5,10000004,18.12,1868.62,7.0,2.0,26.99,1869.67
5,10000004,30.78,1895.68,7.0,2.0,33.16,1897.38
5,10000004,32.96,1897.33,7.0,2.0,39.67,1900.08
5,10000004,64.76,1922.32,7.0,2.0,62.25,1921.65
5,10000004,72.03,1929.95,7.0,2.0,65.79,1931.18
5,10000004,6.75,1881.52,7.0,2.0,2.61,1879.84
5,10000004,103.13,1923.57,7.0,2.0,106.03,1924.25
5,10000004,16.43,1887.8,7.0,2.0,12.64,1889.38
5,10000004,110.41,1927.17,7.0,2.0,107.91,1928.43
5,10000004,69.84,1931.04,7.0,2.0,64.88,1929.67
5,10000004,32.96,1910.06,7.0,2.0,30.88,1912.81
5,10000004,94.58,1937.38,7.0,2.0,109.09,1936.28
5,10000004,52.56,1960.83,7.0,2.0,46.1,1958.04
5,10000004,100.97,1947.78,7.0,2.0,101.81,1944.66
5,10000004,142.38,1996.12,7.0,2.0,147.38,1998.48
6,10000005,80.4,1938.31,7.0,2.0,83.63,1936.01
6,10000005,30.01,1882.4,7.0,2.0,34.76,1882.86
6,10000005,109.24,1945.84,7.0,2.0,104.51,1943.11
6,10000005,122.03,1948.65,7.0,2.0,113.17,1946.23
6,10000005,122.21,1948.7,7.0,2.0,123.91,1951.99
6,10000005,176.64,1996.66,7.0,2.0,173.39,1997.42
6,10000005,158.63,1983.31,7.0,2.0,164.48,1985.89
6,10000005,54.15,1894.26,7.0,2.0,52.03,1894.66
6,10000005,41.05,1888.56,7.0,2.0,33.62,1893.71
6,10000005,19.07,1871.75,7.0,2.0,17.38,1870.59
6,10000005,145.91,1962.29,7.0,2.0,133.41,1960.35
6,10000005,44.49,1891.25,7.0,2.0,43.67,1892.95
6,10000005,160.8,1970.08,7.0,2.0,156.86,1972.04
6,10000005,2.49,1867.91,7.0,2.0,7.66,1865.51
6,10000005,29.03,1880.7,7.0,2.0,30.32,1883.25
6,10000005,48.72,1915.27,7.0,2.0,53.86,1916.25
6,10000005,155.65,1967.86,7.0,2.0,155.57,1966.93
6,10000005,18.3,1886.0,7.0,2.0,19.07,1886.38
6,10000005,72.99,1940.8,7.0,2.0,84.55,1941.24
6,10000005,127.9,1965.38,7.0,2.0,122.68,1965.21
6,10000005,145.59,1964.71,7.0,2.0,138.51,1966.39
6,10000005,98.03,1931.95,7.0,2.0,101.37,1927.81
6,10000005,107.69,1926.55,7.0,2.0,114.3,1925.21
6,10000005,153.27,1994.16,7.0,2.0,162.79,1992.72
6,10000005,130.83,1957.2,7.0,2.0,122.95,1955.11
6,10000005,95.82,1928.96,7.0,2.0,91.31,1928.23
6,10000005,158.69,1994.14,7.0,2.0,164.1,1990.23
6,10000005,-5.66,1868.82,7.0,2.0,0.83,1867.59
6,10000005,127.75,1974.68,7.0,2.0,137.28,1975.85
6,10000005,19.32,1886.15,7.0,2.0,25.09,1886.98
6,10000005,101.75,1933.97,7.0,2.0,96.71,1934.9
6,10000005,70.55,1925.28,7.0,2.0,71.18,1927.01
6,10000005,100.47,1930.15,7.0,2.0,100.17,1929.66
6,10000005,96.15,1925.59,7.0,2.0,89.72,1921.72
6,10000005,130.33,1956.28,7.0,2.0,131.76,1955.58
6,10000005,9.62,1880.27,7.0,2.0,17.66,1879.71
6,10000005,138.13,1972.56,7.0,2.0,140.03,1974.95
6,10000005,18.96,1870.38,7.0,2.0,6.95,1868.81
6,10000005,34.7,1891.6,7.0,2.0,22.83,1893.25
6,10000005,69.6,1927.84,7.0,2.0,72.94,1926.97
6,10000005,84.13,1939.63,7.0,2.0,93.33,1938.42
6,10000005,117.42,1941.21,7.0,2.0,106.26,1937.9
6,10000005,164.6,1979.34,7.0,2.0,163.89,1979.25
6,10000005,75.2,1913.54,7.0,2.0,67.05,1911.55
6,10000005,135.67,1972.02,7.0,2.0,135.61,1970.5
6,10000005,141.57,1955.08,7.0,2.0,128.62,1956.17
6,10000005,44.47,1898.61,7.0,2.0,36.5,1895.93
6,10000005,15.47,1873.47,7.0,2.0,6.36,1873.47
6,10000005,80.99,1931.99,7.0,2.0,81.97,1926.15
6,10000005,82.28,1917.84,7.0,2.0,82.09,1919.5
6,10000005,121.11,1949.25,7.0,2.0,124.49,1947.36
6,10000005,157.35,1981.44,7.0,2.0,152.92,1982.78
6,10000005,96.79,1960.21,7.0,2.0,116.53,1960.39
6,10000005,93.94,1932.24,7.0,2.0,95.55,1934.33
6,10000005,42.73,1889.39,7.0,2.0,44.37,1890.91
6,10000005,2.65,1860.85,7.0,2.0,7.98,1861.2
6,10000005,44.54,1899.1,7.0,2.0,45.65,1897.62
6,10000005,163.43,1974.39,7.0,2.0,164.33,1973.33
6,10000005,90.54,1927.54,7.0,2.0,87.06,1928.22
6,10000005,44.51,1901.11,7.0,2.0,44.39,1901.16
6,10000005,25.23,1889.32,7.0,2.0,29.25,1888.6
6,10000005,70.47,1924.52,7.0,2.0,71.43,1924.45
6,10000005,162.29,1978.95,7.0,2.0,148.25,1979.46
6,10000005,3.56,1864.66,7.0,2.0,1.93,1864.96
6,10000005,24.28,1886.11,7.0,2.0,29.1,1883.82
6,10000005,69.27,1908.3,7.0,2.0,62.03,1907.09
6,10000005,59.84,1903.47,7.0,2.0,54.08,1901.07
6,10000005,79.71,1935.57,7.0,2.0,76.02,1937.89
6,10000005,60.06,1910.75,7.0,2.0,73.66,1912.83
6,10000005,90.51,1926.72,7.0,2.0,106.67,1928.55
6,10000005,149.74,1957.33,7.0,2.0,146.28,1960.17
6,10000005,146.06,1978.65,7.0,2.0,136.93,1974.95
6,10000005,47.57,1887.02,7.0,2.0,34.06,1884.34
6,10000005,176.03,1993.91,7.0,2.0,167.08,1995.48
6,10000005,18.95,1896.0,7.0,2.0,23.32,1894.88
6,10000005,128.42,1958.93,7.0,2.0,131.84,1958.33
6,10000005,141.9,1965.54,7.0,2.0,136.29,1966.69
6,10000005,141.08,1972.92,7.0,2.0,140.57,1975.74
6,10000005,53.78,1901.07,7.0,2.0,62.47,1900.8
6,10000005,16.22,1881.37,7.0,2.0,23.6,1881.54
6,10000005,82.43,1909.08,7.0,2.0,73.32,1911.01
6,10000005,138.94,1944.65,7.0,2.0,133.5,1946.47
6,10000005,131.09,1964.83,7.0,2.0,131.64,1963.82
6,10000005,75.4,1919.75,7.0,2.0,74.93,1918.96
6,10000005,3.8,1870.55,7.0,2.0,0.43,1868.57
6,10000005,121.93,1946.39,7.0,2.0,116.24,1946.43
6,10000005,-0.45,1861.43,7.0,2.0,4.56,1860.17
6,10000005,156.2,1978.87,7.0,2.0,149.42,1979.38
6,10000005,106.49,1946.06,7.0,2.0,111.07,1947.23
6,10000005,58.53,1908.42,7.0,2.0,64.13,1912.58
6,10000005,26.48,1887.2,7.0,2.0,31.11,1888.37
6,10000005,135.65,1964.02,7.0,2.0,132.65,1961.67
6,10000005,190.8,1997.94,7.0,2.0,172.86,1997.22
6,10000005,158.8,1973.87,7.0,2.0,147.93,1972.28
6,10000005,131.45,1971.41,7.0,2.0,143.9,1970.86
6,10000005,74.16,1921.01,7.0,2.0,74.84,1922.74
6,10000005,33.62,1891.61,7.0,2.0,37.43,1890.6
6,10000005,20.01,1866.57,7.0,2.0,15.08,1869.23
6,10000005,23.39,1880.77,7.0,2.0,21.65,1880.82
6,10000005,137.81,1965.94,7.0,2.0,145.93,1965.5
7,10000006,50.9,1917.39,7.0,2.0,51.65,1917.37
7,10000006,156.57,2014.18,7.0,2.0,151.8,2013.33
7,10000006,101.83,1976.0,7.0,2.0,97.95,1973.96
7,10000006,113.84,1957.33,7.0,2.0,109.97,1958.18
7,10000006,145.41,2013.06,7.0,2.0,139.61,2010.28
7,10000006,113.02,1977.82,7.0,2.0,110.92,1978.04
7,10000006,34.14,1914.24,7.0,2.0,37.37,1916.19
7,10000006,54.82,1901.85,7.0,2.0,38.97,1902.98
7,10000006,154.92,2008.54,7.0,2.0,144.13,2009.11
7,10000006,138.72,1980.95,7.0,2.0,129.32,1983.0
7,10000006,141.56,1977.76,7.0,2.0,130.96,1976.98
7,10000006,165.38,2029.68,7.0,2.0,169.16,2028.28
7,10000006,18.6,1892.5,7.0,2.0,15.29,1892.61
7,10000006,88.31,1948.77,7.0,2.0,95.17,1948.86
7,10000006,158.81,2043.92,7.0,2.0,161.34,2043.22
7,10000006,37.91,1900.79,7.0,2.0,28.98,1897.97
7,10000006,146.06,2013.85,7.0,2.0,151.12,2011.68
7,10000006,123.79,1994.11,7.0,2.0,128.85,1995.32
7,10000006,43.64,1898.1,7.0,2.0,49.69,1901.97
7,10000006,63.28,1939.67,7.0,2.0,66.08,1937.69
7,10000006,39.84,1887.85,7.0,2.0,35.13,1890.34
7,10000006,56.07,1928.37,7.0,2.0,61.21,1929.45
7,10000006,168.4,2066.48,7.0,2.0,162.88,2064.63
7,10000006,86.38,1948.52,7.0,2.0,84.69,1950.05
7,10000006,81.96,1957.63,7.0,2.0,90.36,1956.39
7,10000006,93.38,1941.26,7.0,2.0,93.87,1942.74
7,10000006,-1.0,1872.15,7.0,2.0,4.84,1873.41
7,10000006,104.42,1964.23,7.0,2.0,95.21,1962.42
7,10000006,121.49,1961.0,7.0,2.0,107.55,1960.04
7,10000006,20.64,1888.26,7.0,2.0,17.62,1889.84
7,10000006,169.36,2020.72,7.0,2.0,168.05,2022.12
7,10000006,2.39,1873.04,7.0,2.0,2.06,1872.37
7,10000006,134.25,1994.68,7.0,2.0,138.2,1997.08
7,10000006,142.31,2026.76,7.0,2.0,140.2,2026.96
7,10000006,51.1,1912.34,7.0,2.0,46.29,1913.73
7,10000006,-1.33,1853.99,7.0,2.0,6.53,1855.38
7,10000006,80.42,1946.59,7.0,2.0,81.02,1944.62
7,10000006,5.26,1890.64,7.0,2.0,15.42,1887.5
7,10000006,107.32,1968.4,7.0,2.0,99.37,1967.95
7,10000006,168.74,2027.82,7.0,2.0,164.85,2027.6
7,10000006,29.48,1912.38,7.0,2.0,34.01,1910.27
7,10000006,10.61,1883.2,7.0,2.0,12.44,1882.67
7,10000006,34.32,1894.5,7.0,2.0,25.32,1895.4
7,10000006,68.18,1943.78,7.0,2.0,72.86,1945.37
7,10000006,70.99,1924.41,7.0,2.0,75.74,1923.19
7,10000006,89.59,1958.89,7.0,2.0,88.88,1957.77
7,10000006,109.06,1981.37,7.0,2.0,118.02,1982.01
7,10000006,159.38,2013.56,7.0,2.0,155.27,2011.41
7,10000006,68.64,1920.14,7.0,2.0,64.13,1919.22
7,10000006,87.65,1948.92,7.0,2.0,81.86,1947.75
7,10000006,62.61,1937.69,7.0,2.0,77.52,1938.33
7,10000006,138.45,2000.36,7.0,2.0,139.64,1999.9
7,10000006,86.72,1971.77,7.0,2.0,95.23,1970.14
7,10000006,-10.38,1867.85,7.0,2.0,3.72,1868.38
7,10000006,79.47,1948.08,7.0,2.0,78.06,1948.28
7,10000006,106.8,1951.63,7.0,2.0,99.96,1952.38
7,10000006,87.87,1977.6,7.0,2.0,105.77,1978.24
7,10000006,74.4,1936.25,7.0,2.0,86.05,1936.59
7,10000006,118.25,1990.23,7.0,2.0,113.34,1987.07
7,10000006,150.44,2017.82,7.0,2.0,148.19,2015.79
7,10000006,53.74,1913.71,7.0,2.0,58.03,1913.17
7,10000006,105.06,1955.55,7.0,2.0,106.08,1956.36
7,10000006,15.76,1880.17,7.0,2.0,18.74,1879.62
7,10000006,167.07,2037.79,7.0,2.0,170.98,2036.96
7,10000006,177.33,2021.77,7.0,2.0,166.68,2023.18
7,10000006,106.82,1973.27,7.0,2.0,106.91,1972.05
7,10000006,59.87,1925.14,7.0,2.0,64.21,1924.42
7,10000006,67.91,1936.46,7.0,2.0,55.11,1935.97
7,10000006,82.41,1957.45,7.0,2.0,90.61,1955.62
7,10000006,43.85,1905.42,7.0,2.0,42.9,1905.89
7,10000006,26.11,1889.51,7.0,2.0,17.51,1887.09
7,10000006,25.38,1888.78,7.0,2.0,25.36,1888.64
7,10000006,104.87,1979.51,7.0,2.0,106.95,1980.4
7,10000006,106.37,1978.97,7.0,2.0,105.73,1977.48
7,10000006,32.14,1875.16,7.0,2.0,31.63,1875.2
7,10000006,139.58,1991.25,7.0,2.0,138.22,1996.32
7,10000006,166.9,2024.47,7.0,2.0,167.59,2024.86
7,10000006,5.44,1844.17,7.0,2.0,3.08,1843.75
7,10000006,18.63,1884.19,7.0,2.0,29.63,1883.34
7,10000006,138.59,2009.8,7.0,2.0,136.67,2009.06
7,10000006,35.5,1925.02,7.0,2.0,41.73,1926.09
7,10000006,14.48,1902.56,7.0,2.0,13.04,1903.63
7,10000006,79.3,1930.04,7.0,2.0,81.78,1927.99
7,10000006,6.0,1857.66,7.0,2.0,1.28,1859.49
7,10000006,159.88,2048.44,7.0,2.0,172.43,2049.71
7,10000006,161.04,2041.64,7.0,2.0,172.25,2044.35
7,10000006,47.35,1918.91,7.0,2.0,58.62,1917.75
7,10000006,122.84,2008.66,7.0,2.0,128.77,2008.17
7,10000006,21.65,1873.3,7.0,2.0,15.46,1871.2
7,10000006,104.14,1976.83,7.0,2.0,88.46,1977.39
7,10000006,185.59,2050.45,7.0,2.0,174.54,2049.86
7,10000006,119.76,1983.0,7.0,2.0,125.13,1977.41
7,10000006,100.52,1930.81,7.0,2.0,96.29,1934.76
7,10000006,128.73,1994.53,7.0,2.0,127.23,1996.11
7,10000006,87.39,1946.4,7.0,2.0,84.96,1947.48
7,10000006,29.52,1892.9,7.0,2.0,29.47,1894.94
7,10000006,127.72,1986.54,7.0,2.0,137.28,1986.32
7,10000006,159.18,2027.29,7.0,2.0,155.06,2027.59
7,10000006,133.74,1999.36,7.0,2.0,136.89,1993.62
7,10000006,14.19,1890.96,7.0,2.0,28.65,1892.25
8,10000007,151.36,1952.48,7.0,2.0,156.61,1953.71
8,10000007,58.19,1912.56,7.0,2.0,58.96,1910.94
8,10000007,106.84,1927.6,7.0,2.0,93.95,1927.5
8,10000007,96.12,1915.51,7.0,2.0,92.34,1912.26
8,10000007,10.42,1855.18,7.0,2.0,13.81,1851.04
8,10000007,110.16,1937.2,7.0,2.0,112.53,1938.09
8,10000007,36.69,1872.05,7.0,2.0,39.98,1872.12
8,10000007,134.29,1938.63,7.0,2.0,135.57,1937.48
8,10000007,29.81,1881.51,7.0,2.0,24.07,1880.79
8,10000007,92.13,1913.91,7.0,2.0,96.14,1914.78
8,10000007,162.72,1947.83,7.0,2.0,145.39,1948.94
8,10000007,128.32,1961.37,7.0,2.0,127.56,1959.29
8,10000007,126.09,1941.57,7.0,2.0,123.83,1939.64
8,10000007,97.67,1900.38,7.0,2.0,100.0,1902.74
8,10000007,167.99,1977.21,7.0,2.0,165.38,1975.79
8,10000007,36.72,1896.48,7.0,2.0,35.79,1897.42
8,10000007,117.95,1927.55,7.0,2.0,119.63,1926.32
8,10000007,81.04,1919.06,7.0,2.0,75.33,1918.4
8,10000007,85.78,1914.13,7.0,2.0,91.82,1914.88
8,10000007,120.88,1943.14,7.0,2.0,119.97,1941.63
8,10000007,-4.5,1866.19,7.0,2.0,0.68,1864.82
8,10000007,52.19,1883.95,7.0,2.0,48.65,1884.74
8,10000007,145.55,1960.37,7.0,2.0,133.46,1961.14
8,10000007,26.89,1881.47,7.0,2.0,22.62,1882.38
8,10000007,170.15,1956.16,7.0,2.0,152.69,1958.2
8,10000007,131.04,1949.6,7.0,2.0,128.97,1949.32
8,10000007,124.99,1954.99,7.0,2.0,135.09,1953.6
8,10000007,103.61,1922.98,7.0,2.0,108.03,1924.47
8,10000007,126.87,1944.62,7.0,2.0,132.27,1943.42
8,10000007,41.19,1892.55,7.0,2.0,50.98,1893.29
8,10000007,17.82,1885.93,7.0,2.0,30.8,1882.81
8,10000007,150.23,1967.14,7.0,2.0,146.34,1966.68
8,10000007,136.8,1943.8,7.0,2.0,131.25,1944.93
8,10000007,86.32,1915.54,7.0,2.0,83.28,1915.09
8,10000007,77.08,1915.67,7.0,2.0,82.97,1914.66
8,10000007,57.43,1899.78,7.0,2.0,56.31,1902.11
8,10000007,0.87,1852.7,7.0,2.0,0.38,1855.45
8,10000007,19.64,1842.79,7.0,2.0,11.02,1844.9
8,10000007,25.25,1887.3,7.0,2.0,21.09,1883.95
8,10000007,37.12,1877.45,7.0,2.0,42.93,1877.26
8,10000007,101.61,1938.43,7.0,2.0,98.89,1939.97
8,10000007,39.76,1877.25,7.0,2.0,39.94,1877.03
8,10000007,140.09,1956.37,7.0,2.0,146.27,1956.66
8,10000007,82.48,1906.8,7.0,2.0,72.3,1905.52
8,10000007,117.26,1932.86,7.0,2.0,121.79,1932.21
8,10000007,148.27,1969.97,7.0,2.0,147.76,1971.49
8,10000007,10.27,1865.37,7.0,2.0,1.68,1867.83
8,10000007,114.13,1930.9,7.0,2.0,111.89,1929.88
8,10000007,153.25,1968.34,7.0,2.0,157.31,1967.37
8,10000007,160.78,1962.55,7.0,2.0,157.91,1961.6
8,10000007,57.58,1892.51,7.0,2.0,63.44,1898.89
8,10000007,8.08,1866.83,7.0,2.0,7.25,1866.93
8,10000007,40.77,1906.79,7.0,2.0,49.77,1908.45
8,10000007,22.56,1848.71,7.0,2.0,11.59,1851.11
8,10000007,63.38,1923.63,7.0,2.0,62.69,1921.81
8,10000007,147.38,1968.45,7.0,2.0,151.92,1972.23
8,10000007,60.06,1889.55,7.0,2.0,61.55,1892.18
8,10000007,136.11,1944.2,7.0,2.0,132.82,1945.67
8,10000007,60.64,1902.95,7.0,2.0,61.38,1901.43
8,10000007,88.87,1903.81,7.0,2.0,83.78,1907.65
8,10000007,157.74,1957.67,7.0,2.0,154.9,1957.35
8,10000007,3.47,1875.42,7.0,2.0,0.97,1874.18
8,10000007,130.67,1945.58,7.0,2.0,141.97,1944.84
8,10000007,28.74,1891.4,7.0,2.0,41.55,1892.09
8,10000007,84.95,1916.51,7.0,2.0,83.71,1915.63
8,10000007,3.1,1866.94,7.0,2.0,6.51,1866.41
8,10000007,11.98,1866.93,7.0,2.0,10.57,1868.19
8,10000007,1.99,1859.1,7.0,2.0,15.18,1861.13
8,10000007,118.2,1953.27,7.0,2.0,120.52,1952.13
8,10000007,47.07,1875.24,7.0,2.0,46.5,1878.38
8,10000007,154.63,1965.42,7.0,2.0,146.29,1963.1
8,10000007,133.33,1956.56,7.0,2.0,154.8,1957.88
8,10000007,143.02,1941.38,7.0,2.0,136.3,1943.48
8,10000007,111.33,1923.99,7.0,2.0,113.45,1924.28
8,10000007,117.94,1934.1,7.0,2.0,114.11,1932.68
8,10000007,81.77,1898.82,7.0,2.0,84.61,1903.09
8,10000007,92.07,1935.0,7.0,2.0,92.35,1933.08
8,10000007,158.1,1962.26,7.0,2.0,165.45,1961.96
8,10000007,37.77,1886.19,7.0,2.0,44.09,1886.56
8,10000007,73.75,1903.3,7.0,2.0,67.1,1908.08
8,10000007,127.76,1937.14,7.0,2.0,118.9,1934.3
8,10000007,65.33,1887.68,7.0,2.0,48.07,1888.22
8,10000007,112.97,1953.14,7.0,2.0,126.75,1953.97
8,10000007,15.99,1873.99,7.0,2.0,19.36,1874.81
8,10000007,80.1,1921.04,7.0,2.0,89.35,1918.2
8,10000007,45.46,1881.15,7.0,2.0,34.57,1880.36
8,10000007,-1.17,1857.21,7.0,2.0,12.22,1860.02
8,10000007,120.35,1937.87,7.0,2.0,112.91,1934.64
8,10000007,26.45,1863.61,7.0,2.0,29.64,1860.69
8,10000007,96.57,1916.98,7.0,2.0,87.12,1914.74
8,10000007,150.98,1973.08,7.0,2.0,147.6,1974.38
8,10000007,174.06,1991.4,7.0,2.0,174.59,1989.84
8,10000007,80.67,1916.87,7.0,2.0,80.36,1918.07
8,10000007,119.99,1933.92,7.0,2.0,119.2,1935.83
8,10000007,4.63,1866.4,7.0,2.0,12.32,1867.32
8,10000007,152.92,1944.68,7.0,2.0,153.06,1946.28
8,10000007,138.69,1938.74,7.0,2.0,122.76,1939.52
8,10000007,40.91,1892.33,7.0,2.0,43.37,1890.75
8,10000007,110.56,1919.97,7.0,2.0,106.38,1922.12
8,10000007,59.59,1900.95,7.0,2.0,52.2,1899.67
9,10000008,44.42,1916.97,7.0,2.0,54.59,1915.77
9,10000008,108.79,1971.8,7.0,2.0,113.02,1972.82
9,10000008,60.18,1940.54,7.0,2.0,68.5,1940.93
9,10000008,159.26,2001.48,7.0,2.0,158.85,2000.57
9,10000008,47.71,1892.21,7.0,2.0,61.5,1891.81
9,10000008,115.54,1982.5,7.0,2.0,135.59,1980.77
9,10000008,134.83,2025.07,7.0,2.0,142.26,2024.95
9,10000008,134.29,1987.05,7.0,2.0,134.0,1988.06
9,10000008,87.34,1959.53,7.0,2.0,95.2,1961.27
9,10000008,120.64,2000.95,7.0,2.0,127.37,1998.05
9,10000008,12.57,1911.96,7.0,2.0,23.71,1916.53
9,10000008,143.1,2023.4,7.0,2.0,146.42,2020.98
9,10000008,133.85,1991.81,7.0,2.0,128.09,1991.35
9,10000008,112.89,1979.42,7.0,2.0,113.17,1979.86
9,10000008,52.37,1929.21,7.0,2.0,54.31,1926.55
9,10000008,47.08,1891.54,7.0,2.0,35.5,1890.1
9,10000008,61.73,1919.24,7.0,2.0,68.15,1917.71
9,10000008,26.81,1898.75,7.0,2.0,16.53,1897.8
9,10000008,20.64,1892.05,7.0,2.0,20.59,1890.58
9,10000008,49.11,1900.48,7.0,2.0,60.83,1901.25
9,10000008,29.47,1849.56,7.0,2.0,20.38,1851.49
9,10000008,47.2,1897.02,7.0,2.0,53.06,1895.13
9,10000008,39.94,1892.14,7.0,2.0,42.91,1891.31
9,10000008,29.02,1895.98,7.0,2.0,32.77,1896.15
9,10000008,159.52,2023.68,7.0,2.0,156.97,2025.14
9,10000008,119.21,1971.19,7.0,2.0,120.25,1968.09
9,10000008,103.4,1946.72,7.0,2.0,110.26,1947.75
9,10000008,124.96,1975.1,7.0,2.0,119.53,1972.9
9,10000008,110.79,1985.01,7.0,2.0,124.36,1985.06
9,10000008,41.47,1903.67,7.0,2.0,45.68,1902.61
9,10000008,60.78,1929.2,7.0,2.0,68.49,1928.31
9,10000008,146.71,1974.42,7.0,2.0,139.56,1974.29
9,10000008,90.34,1930.3,7.0,2.0,80.27,1928.07
9,10000008,17.42,1858.79,7.0,2.0,14.38,1864.0
9,10000008,35.4,1888.06,7.0,2.0,28.95,1885.0
9,10000008,98.48,1945.1,7.0,2.0,101.47,1945.77
9,10000008,63.76,1918.73,7.0,2.0,67.71,1919.13
9,10000008,58.95,1903.38,7.0,2.0,61.21,1906.25
9,10000008,29.4,1898.87,7.0,2.0,24.9,1899.71
9,10000008,93.77,1935.3,7.0,2.0,93.31,1935.72
9,10000008,135.12,2001.49,7.0,2.0,141.06,2003.11
9,10000008,24.79,1873.07,7.0,2.0,22.91,1872.29
9,10000008,91.75,1942.63,7.0,2.0,94.73,1940.56
9,10000008,72.5,1945.57,7.0,2.0,75.64,1947.12
9,10000008,-5.55,1865.53,7.0,2.0,7.49,1864.26
9,10000008,50.39,1904.74,7.0,2.0,40.92,1903.52
9,10000008,41.45,1889.2,7.0,2.0,33.47,1890.56
9,10000008,153.6,2033.82,7.0,2.0,164.24,2031.4
9,10000008,114.98,1972.95,7.0,2.0,113.61,1970.86
9,10000008,137.15,2025.27,7.0,2.0,134.72,2022.53
9,10000008,91.44,1963.33,7.0,2.0,90.39,1962.38
9,10000008,115.29,1970.4,7.0,2.0,120.05,1971.52
9,10000008,112.43,1972.01,7.0,2.0,110.39,1969.51
9,10000008,154.48,2010.65,7.0,2.0,153.24,2008.7
9,10000008,58.58,1893.91,7.0,2.0,55.59,1895.77
9,10000008,57.28,1925.07,7.0,2.0,57.95,1923.56
9,10000008,66.34,1927.93,7.0,2.0,72.37,1925.96
9,10000008,86.6,1950.99,7.0,2.0,87.74,1951.88
9,10000008,58.82,1913.36,7.0,2.0,66.17,1916.11
9,10000008,39.01,1910.32,7.0,2.0,27.83,1908.22
9,10000008,27.36,1890.93,7.0,2.0,36.03,1885.2
9,10000008,127.28,1980.5,7.0,2.0,119.2,1978.3
9,10000008,135.45,1994.56,7.0,2.0,124.86,1993.12
9,10000008,79.66,1956.06,7.0,2.0,93.83,1955.54
9,10000008,124.04,1973.64,7.0,2.0,126.6,1974.93
9,10000008,18.98,1890.35,7.0,2.0,22.56,1888.32
9,10000008,160.05,2015.92,7.0,2.0,161.73,2015.67
9,10000008,125.44,1974.85,7.0,2.0,120.79,1971.95
9,10000008,131.54,1986.21,7.0,2.0,138.92,1991.25
9,10000008,149.79,2002.42,7.0,2.0,148.46,2001.03
9,10000008,115.08,1981.41,7.0,2.0,110.84,1984.96
9,10000008,29.96,1907.99,7.0,2.0,36.89,1908.25
9,10000008,37.65,1895.93,7.0,2.0,52.66,1894.98
9,10000008,150.88,2018.36,7.0,2.0,148.42,2015.9
9,10000008,11.55,1879.65,7.0,2.0,18.83,1880.5
9,10000008,163.57,2020.23,7.0,2.0,156.09,2019.76
9,10000008,149.5,2009.28,7.0,2.0,147.35,2008.57
9,10000008,22.16,1888.82,7.0,2.0,26.94,1885.77
9,10000008,69.33,1939.46,7.0,2.0,77.71,1938.84
9,10000008,110.67,1959.85,7.0,2.0,101.56,1959.6
9,10000008,165.25,2033.36,7.0,2.0,163.71,2032.38
9,10000008,3.26,1881.11,7.0,2.0,18.17,1876.98
9,10000008,60.13,1911.71,7.0,2.0,60.21,1908.55
9,10000008,33.51,1890.49,7.0,2.0,29.56,1891.28
9,10000008,122.87,1987.87,7.0,2.0,120.25,1986.66
9,10000008,110.98,1993.35,7.0,2.0,106.37,1993.51
9,10000008,54.61,1939.18,7.0,2.0,57.1,1936.14
9,10000008,9.86,1859.87,7.0,2.0,9.16,1861.49
9,10000008,55.23,1885.37,7.0,2.0,46.63,1884.21
9,10000008,55.71,1949.7,7.0,2.0,69.73,1948.28
9,10000008,120.4,1980.08,7.0,2.0,110.92,1981.52
9,10000008,125.81,1990.33,7.0,2.0,133.73,1990.89
9,10000008,67.45,1920.93,7.0,2.0,72.33,1919.6
9,10000008,107.16,1987.92,7.0,2.0,116.27,1989.51
9,10000008,27.25,1890.38,7.0,2.0,43.67,1894.36
9,10000008,35.92,1899.61,7.0,2.0,44.19,1902.0
9,10000008,57.67,1922.47,7.0,2.0,55.26,1921.68
9,10000008,161.57,2019.47,7.0,2.0,156.22,2018.24
9,10000008,85.85,1915.47,7.0,2.0,80.87,1917.34
9,10000008,114.63,1976.83,7.0,2.0,109.86,1976.8
10,10000009,141.83,1985.45,7.0,2.0,146.75,1984.74
10,10000009,64.96,1871.69,7.0,2.0,57.93,1871.86
10,10000009,12.39,1893.42,7.0,2.0,26.22,1896.61
10,10000009,161.28,1996.38,7.0,2.0,158.09,1997.27
10,10000009,26.21,1867.35,7.0,2.0,25.68,1867.8
10,10000009,158.72,2006.19,7.0,2.0,162.37,2007.37
10,10000009,139.25,1976.52,7.0,2.0,153.29,1976.02
10,10000009,59.54,1907.67,7.0,2.0,61.73,1905.21
10,10000009,169.1,2001.72,7.0,2.0,166.99,2001.72
10,10000009,26.68,1871.15,7.0,2.0,31.66,1869.57
10,10000009,57.49,1904.12,7.0,2.0,45.74,1906.3
10,10000009,81.2,1921.07,7.0,2.0,73.72,1921.47
10,10000009,145.3,1996.95,7.0,2.0,155.09,1999.22
10,10000009,119.76,1971.66,7.0,2.0,117.66,1973.34
10,10000009,4.95,1879.59,7.0,2.0,1.73,1879.76
10,10000009,158.19,2008.35,7.0,2.0,162.75,2009.16
10,10000009,100.15,1969.92,7.0,2.0,103.21,1968.79
10,10000009,114.25,1941.1,7.0,2.0,118.91,1942.21
10,10000009,108.97,1978.17,7.0,2.0,120.54,1976.8
10,10000009,16.62,1859.43,7.0,2.0,11.62,1860.31
10,10000009,41.49,1885.98,7.0,2.0,42.72,1883.63
10,10000009,23.66,1860.53,7.0,2.0,7.03,1861.25
10,10000009,167.83,2017.61,7.0,2.0,169.46,2015.19
10,10000009,74.01,1905.2,7.0,2.0,68.23,1903.43
10,10000009,-0.54,1844.53,7.0,2.0,1.96,1847.03
10,10000009,43.45,1887.38,7.0,2.0,35.97,1890.51
10,10000009,66.45,1901.37,7.0,2.0,76.41,1903.94
10,10000009,45.08,1920.76,7.0,2.0,50.35,1920.32
10,10000009,109.64,1934.37,7.0,2.0,104.77,1935.13
10,10000009,74.27,1918.0,7.0,2.0,76.28,1917.54
10,10000009,27.25,1886.15,7.0,2.0,16.81,1885.38
10,10000009,25.51,1854.4,7.0,2.0,29.0,1853.41
10,10000009,87.14,1894.1,7.0,2.0,79.19,1896.32
10,10000009,6.07,1853.16,7.0,2.0,4.33,1853.45
10,10000009,85.53,1947.62,7.0,2.0,87.73,1949.06
10,10000009,139.28,1967.79,7.0,2.0,139.0,1967.96
10,10000009,174.93,1992.62,7.0,2.0,157.78,1993.3
10,10000009,155.61,1984.24,7.0,2.0,151.83,1983.37
10,10000009,12.34,1849.65,7.0,2.0,20.08,1849.84
10,10000009,155.41,1976.17,7.0,2.0,161.91,1977.82
10,10000009,130.71,1983.42,7.0,2.0,141.04,1980.71
10,10000009,118.05,1976.36,7.0,2.0,110.38,1978.35
10,10000009,117.42,1959.26,7.0,2.0,121.76,1963.69
10,10000009,-5.84,1854.82,7.0,2.0,9.04,1855.17
10,10000009,104.28,1919.53,7.0,2.0,104.28,1916.44
10,10000009,27.97,1889.76,7.0,2.0,23.58,1887.77
10,10000009,123.64,1971.27,7.0,2.0,120.4,1970.19
10,10000009,38.55,1903.06,7.0,2.0,44.41,1902.97
10,10000009,104.54,1941.22,7.0,2.0,100.64,1939.85
10,10000009,155.85,1975.48,7.0,2.0,144.25,1977.26
10,10000009,141.81,1965.61,7.0,2.0,139.06,1969.99
10,10000009,15.95,1876.1,7.0,2.0,23.12,1876.11
10,10000009,149.51,1980.44,7.0,2.0,144.03,1983.51
10,10000009,11.05,1869.94,7.0,2.0,18.42,1869.57
10,10000009,23.71,1876.63,7.0,2.0,11.67,1876.08
10,10000009,134.94,2001.24,7.0,2.0,154.8,2001.4
10,10000009,68.11,1901.82,7.0,2.0,64.64,1900.68
10,10000009,105.73,1959.72,7.0,2.0,102.62,1959.31
10,10000009,103.79,1945.66,7.0,2.0,106.23,1944.54
10,10000009,117.68,1970.66,7.0,2.0,136.01,1966.79
10,10000009,109.05,1941.73,7.0,2.0,100.34,1944.03
10,10000009,79.16,1932.49,7.0,2.0,90.44,1932.8
10,10000009,151.88,1987.68,7.0,2.0,160.62,1989.83
10,10000009,95.02,1932.22,7.0,2.0,92.72,1933.8
10,10000009,130.17,1954.27,7.0,2.0,132.03,1957.04
10,10000009,74.52,1929.93,7.0,2.0,66.69,1933.41
10,10000009,75.29,1934.77,7.0,2.0,82.62,1937.64
10,10000009,154.88,2009.7,7.0,2.0,143.73,2008.78
10,10000009,113.64,1949.45,7.0,2.0,101.09,1949.1
10,10000009,96.43,1933.71,7.0,2.0,83.65,1935.81
10,10000009,134.49,1978.85,7.0,2.0,133.81,1975.25
10,10000009,164.79,1977.46,7.0,2.0,149.25,1977.86
10,10000009,41.94,1897.03,7.0,2.0,48.32,1897.56
10,10000009,138.08,1981.91,7.0,2.0,141.0,1978.02
10,10000009,26.4,1852.6,7.0,2.0,11.9,1850.15
10,10000009,149.39,1983.38,7.0,2.0,158.96,1983.13
10,10000009,81.19,1912.6,7.0,2.0,89.09,1911.79
10,10000009,89.95,1934.56,7.0,2.0,92.29,1935.35
10,10000009,88.44,1912.68,7.0,2.0,82.29,1908.79
10,10000009,-3.9,1847.6,7.0,2.0,7.38,1849.49
10,10000009,41.64,1909.05,7.0,2.0,41.34,1909.19
10,10000009,120.49,1968.08,7.0,2.0,132.98,1968.31
10,10000009,39.78,1892.03,7.0,2.0,47.32,1889.53
10,10000009,128.54,1991.64,7.0,2.0,145.52,1995.77
10,10000009,95.17,1945.46,7.0,2.0,85.61,1944.32
10,10000009,6.09,1850.21,7.0,2.0,10.19,1851.72
10,10000009,20.13,1874.75,7.0,2.0,24.4,1877.65
10,10000009,75.52,1924.55,7.0,2.0,81.62,1923.58
10,10000009,77.99,1908.64,7.0,2.0,76.21,1907.54
10,10000009,49.51,1886.24,7.0,2.0,51.24,1886.48
10,10000009,51.14,1881.73,7.0,2.0,51.66,1879.23
10,10000009,173.46,1991.18,7.0,2.0,174.65,1993.29
10,10000009,149.3,2000.55,7.0,2.0,144.95,2000.93
10,10000009,57.83,1903.99,7.0,2.0,54.34,1903.37
10,10000009,103.45,1943.11,7.0,2.0,100.86,1942.36
10,10000009,30.83,1878.83,7.0,2.0,20.35,1879.41
10,10000009,51.97,1909.05,7.0,2.0,53.56,1908.69
10,10000009,178.45,2033.98,7.0,2.0,170.02,2034.92
10,10000009,63.65,1897.56,7.0,2.0,69.88,1897.89
10,10000009,137.89,1968.22,7.0,2.0,141.73,1967.91
